{"cameraMode":{"drawMode":0,"name":"Shaded","section":"Shading Mode"},"sceneLighting":true,"audioPlay":false,"sceneViewState":{"m_AlwaysRefresh":false,"showFog":true,"showSkybox":true,"showFlares":true,"showImageEffects":true,"showParticleSystems":true,"showVisualEffectGraphs":true,"m_FxEnabled":true},"in2DMode":false,"pivot":{"x":-0.06731933355331421,"y":1.6103236675262452,"z":-0.9917962551116943},"rotation":{"x":0.23187556862831117,"y":0.0012300717644393445,"z":-0.00019898213213309646,"w":0.9727646112442017},"size":0.6680673956871033,"orthographic":true}