{"cameraMode":{"drawMode":0,"name":"Shaded","section":"Shading Mode"},"sceneLighting":true,"audioPlay":false,"sceneViewState":{"m_AlwaysRefresh":false,"showFog":true,"showSkybox":true,"showFlares":true,"showImageEffects":true,"showParticleSystems":true,"showVisualEffectGraphs":true,"m_FxEnabled":true},"in2DMode":false,"pivot":{"x":0.9074661135673523,"y":1.4871330261230469,"z":-1.4121911525726319},"rotation":{"x":0.23187556862831117,"y":0.0012300717644393445,"z":-0.00019898213213309646,"w":0.9727646112442017},"size":0.4834098517894745,"orthographic":true}