{"cameraMode":{"drawMode":0,"name":"Shaded","section":"Shading Mode"},"sceneLighting":true,"audioPlay":false,"sceneViewState":{"m_AlwaysRefresh":false,"showFog":true,"showSkybox":true,"showFlares":true,"showImageEffects":true,"showParticleSystems":true,"showVisualEffectGraphs":true,"m_FxEnabled":true},"in2DMode":false,"pivot":{"x":0.9538849592208862,"y":1.4118595123291016,"z":0.7440975904464722},"rotation":{"x":-0.2739505469799042,"y":0.7102735042572022,"z":-0.3614256680011749,"w":-0.5383942723274231},"size":1.2103652954101563,"orthographic":true}